[{"code":"012805000","name":"City of Batac","oldName":"","isCapital":false,"provinceCode":"012800000","districtCode":false,"regionCode":"010000000","islandGroupCode":"luzon","psgc10DigitCode":"0102805000"},{"code":"012812000","name":"City of Laoag","oldName":"","isCapital":true,"provinceCode":"012800000","districtCode":false,"regionCode":"010000000","islandGroupCode":"luzon","psgc10DigitCode":"0102812000"},{"code":"012906000","name":"City of Candon","oldName":"","isCapital":false,"provinceCode":"012900000","districtCode":false,"regionCode":"010000000","islandGroupCode":"luzon","psgc10DigitCode":"0102906000"},{"code":"012934000","name":"City of Vigan","oldName":"","isCapital":true,"provinceCode":"012900000","districtCode":false,"regionCode":"010000000","islandGroupCode":"luzon","psgc10DigitCode":"0102934000"},{"code":"013314000","name":"City of San Fernando","oldName":"","isCapital":true,"provinceCode":"013300000","districtCode":false,"regionCode":"010000000","islandGroupCode":"luzon","psgc10DigitCode":"0103314000"},{"code":"015503000","name":"City of Alaminos","oldName":"","isCapital":false,"provinceCode":"015500000","districtCode":false,"regionCode":"010000000","islandGroupCode":"luzon","psgc10DigitCode":"0105503000"},{"code":"015518000","name":"City of Dagupan","oldName":"","isCapital":false,"provinceCode":"015500000","districtCode":false,"regionCode":"010000000","islandGroupCode":"luzon","psgc10DigitCode":"0105518000"},{"code":"015532000","name":"City of San Carlos","oldName":"","isCapital":false,"provinceCode":"015500000","districtCode":false,"regionCode":"010000000","islandGroupCode":"luzon","psgc10DigitCode":"0105532000"},{"code":"015546000","name":"City of Urdaneta","oldName":"","isCapital":false,"provinceCode":"015500000","districtCode":false,"regionCode":"010000000","islandGroupCode":"luzon","psgc10DigitCode":"0105546000"},{"code":"021529000","name":"Tuguegarao City","oldName":"","isCapital":true,"provinceCode":"021500000","districtCode":false,"regionCode":"020000000","islandGroupCode":"luzon","psgc10DigitCode":"0201529000"},{"code":"023108000","name":"City of Cauayan","oldName":"","isCapital":false,"provinceCode":"023100000","districtCode":false,"regionCode":"020000000","islandGroupCode":"luzon","psgc10DigitCode":"0203108000"},{"code":"023114000","name":"City of Ilagan","oldName":"","isCapital":true,"provinceCode":"023100000","districtCode":false,"regionCode":"020000000","islandGroupCode":"luzon","psgc10DigitCode":"0203114000"},{"code":"023135000","name":"City of Santiago","oldName":"","isCapital":false,"provinceCode":"023100000","districtCode":false,"regionCode":"020000000","islandGroupCode":"luzon","psgc10DigitCode":"0203135000"},{"code":"030803000","name":"City of Balanga","oldName":"","isCapital":true,"provinceCode":"030800000","districtCode":false,"regionCode":"030000000","islandGroupCode":"luzon","psgc10DigitCode":"0300803000"},{"code":"031410000","name":"City of Malolos","oldName":"","isCapital":true,"provinceCode":"031400000","districtCode":false,"regionCode":"030000000","islandGroupCode":"luzon","psgc10DigitCode":"0301410000"},{"code":"031412000","name":"City of Meycauayan","oldName":"","isCapital":false,"provinceCode":"031400000","districtCode":false,"regionCode":"030000000","islandGroupCode":"luzon","psgc10DigitCode":"0301412000"},{"code":"031420000","name":"City of San Jose Del Monte","oldName":"","isCapital":false,"provinceCode":"031400000","districtCode":false,"regionCode":"030000000","islandGroupCode":"luzon","psgc10DigitCode":"0301420000"},{"code":"034903000","name":"City of Cabanatuan","oldName":"","isCapital":false,"provinceCode":"034900000","districtCode":false,"regionCode":"030000000","islandGroupCode":"luzon","psgc10DigitCode":"0304903000"},{"code":"034908000","name":"City of Gapan","oldName":"","isCapital":false,"provinceCode":"034900000","districtCode":false,"regionCode":"030000000","islandGroupCode":"luzon","psgc10DigitCode":"0304908000"},{"code":"034917000","name":"Science City of Muñoz","oldName":"","isCapital":false,"provinceCode":"034900000","districtCode":false,"regionCode":"030000000","islandGroupCode":"luzon","psgc10DigitCode":"0304917000"},{"code":"034919000","name":"City of Palayan","oldName":"","isCapital":true,"provinceCode":"034900000","districtCode":false,"regionCode":"030000000","islandGroupCode":"luzon","psgc10DigitCode":"0304919000"},{"code":"034926000","name":"San Jose City","oldName":"","isCapital":false,"provinceCode":"034900000","districtCode":false,"regionCode":"030000000","islandGroupCode":"luzon","psgc10DigitCode":"0304926000"},{"code":"035401000","name":"City of Angeles","oldName":"","isCapital":false,"provinceCode":"035400000","districtCode":false,"regionCode":"030000000","islandGroupCode":"luzon","psgc10DigitCode":"0330100000"},{"code":"035409000","name":"Mabalacat City","oldName":"","isCapital":false,"provinceCode":"035400000","districtCode":false,"regionCode":"030000000","islandGroupCode":"luzon","psgc10DigitCode":"0305409000"},{"code":"035416000","name":"City of San Fernando","oldName":"","isCapital":true,"provinceCode":"035400000","districtCode":false,"regionCode":"030000000","islandGroupCode":"luzon","psgc10DigitCode":"0305416000"},{"code":"036916000","name":"City of Tarlac","oldName":"","isCapital":true,"provinceCode":"036900000","districtCode":false,"regionCode":"030000000","islandGroupCode":"luzon","psgc10DigitCode":"0306916000"},{"code":"037107000","name":"City of Olongapo","oldName":"","isCapital":false,"provinceCode":"037100000","districtCode":false,"regionCode":"030000000","islandGroupCode":"luzon","psgc10DigitCode":"0331400000"},{"code":"041005000","name":"Batangas City","oldName":"","isCapital":true,"provinceCode":"041000000","districtCode":false,"regionCode":"040000000","islandGroupCode":"luzon","psgc10DigitCode":"0401005000"},{"code":"041014000","name":"City of Lipa","oldName":"","isCapital":false,"provinceCode":"041000000","districtCode":false,"regionCode":"040000000","islandGroupCode":"luzon","psgc10DigitCode":"0401014000"},{"code":"041028000","name":"City of Sto. Tomas","oldName":"","isCapital":false,"provinceCode":"041000000","districtCode":false,"regionCode":"040000000","islandGroupCode":"luzon","psgc10DigitCode":"0401028000"},{"code":"041031000","name":"City of Tanauan","oldName":"","isCapital":false,"provinceCode":"041000000","districtCode":false,"regionCode":"040000000","islandGroupCode":"luzon","psgc10DigitCode":"0401031000"},{"code":"042103000","name":"City of Bacoor","oldName":"","isCapital":false,"provinceCode":"042100000","districtCode":false,"regionCode":"040000000","islandGroupCode":"luzon","psgc10DigitCode":"0402103000"},{"code":"042105000","name":"City of Cavite","oldName":"","isCapital":false,"provinceCode":"042100000","districtCode":false,"regionCode":"040000000","islandGroupCode":"luzon","psgc10DigitCode":"0402105000"},{"code":"042106000","name":"City of Dasmariñas","oldName":"","isCapital":false,"provinceCode":"042100000","districtCode":false,"regionCode":"040000000","islandGroupCode":"luzon","psgc10DigitCode":"0402106000"},{"code":"042108000","name":"City of General Trias","oldName":"","isCapital":false,"provinceCode":"042100000","districtCode":false,"regionCode":"040000000","islandGroupCode":"luzon","psgc10DigitCode":"0402108000"},{"code":"042109000","name":"City of Imus","oldName":"","isCapital":false,"provinceCode":"042100000","districtCode":false,"regionCode":"040000000","islandGroupCode":"luzon","psgc10DigitCode":"0402109000"},{"code":"042119000","name":"City of Tagaytay","oldName":"","isCapital":false,"provinceCode":"042100000","districtCode":false,"regionCode":"040000000","islandGroupCode":"luzon","psgc10DigitCode":"0402119000"},{"code":"042122000","name":"City of Trece Martires","oldName":"","isCapital":true,"provinceCode":"042100000","districtCode":false,"regionCode":"040000000","islandGroupCode":"luzon","psgc10DigitCode":"0402122000"},{"code":"043403000","name":"City of Biñan","oldName":"","isCapital":false,"provinceCode":"043400000","districtCode":false,"regionCode":"040000000","islandGroupCode":"luzon","psgc10DigitCode":"0403403000"},{"code":"043404000","name":"City of Cabuyao","oldName":"","isCapital":false,"provinceCode":"043400000","districtCode":false,"regionCode":"040000000","islandGroupCode":"luzon","psgc10DigitCode":"0403404000"},{"code":"043405000","name":"City of Calamba","oldName":"","isCapital":false,"provinceCode":"043400000","districtCode":false,"regionCode":"040000000","islandGroupCode":"luzon","psgc10DigitCode":"0403405000"},{"code":"043424000","name":"City of San Pablo","oldName":"","isCapital":false,"provinceCode":"043400000","districtCode":false,"regionCode":"040000000","islandGroupCode":"luzon","psgc10DigitCode":"0403424000"},{"code":"043425000","name":"City of San Pedro","oldName":"","isCapital":false,"provinceCode":"043400000","districtCode":false,"regionCode":"040000000","islandGroupCode":"luzon","psgc10DigitCode":"0403425000"},{"code":"043428000","name":"City of Santa Rosa","oldName":"","isCapital":false,"provinceCode":"043400000","districtCode":false,"regionCode":"040000000","islandGroupCode":"luzon","psgc10DigitCode":"0403428000"},{"code":"045624000","name":"City of Lucena","oldName":"","isCapital":true,"provinceCode":"045600000","districtCode":false,"regionCode":"040000000","islandGroupCode":"luzon","psgc10DigitCode":"0431200000"},{"code":"045647000","name":"City of Tayabas","oldName":"","isCapital":false,"provinceCode":"045600000","districtCode":false,"regionCode":"040000000","islandGroupCode":"luzon","psgc10DigitCode":"0405647000"},{"code":"045802000","name":"City of Antipolo","oldName":"","isCapital":true,"provinceCode":"045800000","districtCode":false,"regionCode":"040000000","islandGroupCode":"luzon","psgc10DigitCode":"0405802000"},{"code":"175205000","name":"City of Calapan","oldName":"","isCapital":true,"provinceCode":"175200000","districtCode":false,"regionCode":"170000000","islandGroupCode":"luzon","psgc10DigitCode":"1705205000"},{"code":"175316000","name":"City of Puerto Princesa","oldName":"","isCapital":true,"provinceCode":"175300000","districtCode":false,"regionCode":"170000000","islandGroupCode":"luzon","psgc10DigitCode":"1731500000"},{"code":"050506000","name":"City of Legazpi","oldName":"","isCapital":true,"provinceCode":"050500000","districtCode":false,"regionCode":"050000000","islandGroupCode":"luzon","psgc10DigitCode":"0500506000"},{"code":"050508000","name":"City of Ligao","oldName":"","isCapital":false,"provinceCode":"050500000","districtCode":false,"regionCode":"050000000","islandGroupCode":"luzon","psgc10DigitCode":"0500508000"},{"code":"050517000","name":"City of Tabaco","oldName":"","isCapital":false,"provinceCode":"050500000","districtCode":false,"regionCode":"050000000","islandGroupCode":"luzon","psgc10DigitCode":"0500517000"},{"code":"051716000","name":"City of Iriga","oldName":"","isCapital":false,"provinceCode":"051700000","districtCode":false,"regionCode":"050000000","islandGroupCode":"luzon","psgc10DigitCode":"0501716000"},{"code":"051724000","name":"City of Naga","oldName":"","isCapital":false,"provinceCode":"051700000","districtCode":false,"regionCode":"050000000","islandGroupCode":"luzon","psgc10DigitCode":"0501724000"},{"code":"054111000","name":"City of Masbate","oldName":"","isCapital":true,"provinceCode":"054100000","districtCode":false,"regionCode":"050000000","islandGroupCode":"luzon","psgc10DigitCode":"0504111000"},{"code":"056216000","name":"City of Sorsogon","oldName":"","isCapital":true,"provinceCode":"056200000","districtCode":false,"regionCode":"050000000","islandGroupCode":"luzon","psgc10DigitCode":"0506216000"},{"code":"061914000","name":"City of Roxas","oldName":"","isCapital":true,"provinceCode":"061900000","districtCode":false,"regionCode":"060000000","islandGroupCode":"visayas","psgc10DigitCode":"0601914000"},{"code":"063022000","name":"City of Iloilo","oldName":"","isCapital":true,"provinceCode":"063000000","districtCode":false,"regionCode":"060000000","islandGroupCode":"visayas","psgc10DigitCode":"0631000000"},{"code":"063035000","name":"City of Passi","oldName":"","isCapital":false,"provinceCode":"063000000","districtCode":false,"regionCode":"060000000","islandGroupCode":"visayas","psgc10DigitCode":"0603035000"},{"code":"064501000","name":"City of Bacolod","oldName":"","isCapital":true,"provinceCode":"064500000","districtCode":false,"regionCode":"060000000","islandGroupCode":"visayas","psgc10DigitCode":"0630200000"},{"code":"064502000","name":"City of Bago","oldName":"","isCapital":false,"provinceCode":"064500000","districtCode":false,"regionCode":"060000000","islandGroupCode":"visayas","psgc10DigitCode":"0604502000"},{"code":"064504000","name":"City of Cadiz","oldName":"","isCapital":false,"provinceCode":"064500000","districtCode":false,"regionCode":"060000000","islandGroupCode":"visayas","psgc10DigitCode":"0604504000"},{"code":"064509000","name":"City of Escalante","oldName":"","isCapital":false,"provinceCode":"064500000","districtCode":false,"regionCode":"060000000","islandGroupCode":"visayas","psgc10DigitCode":"0604509000"},{"code":"064510000","name":"City of Himamaylan","oldName":"","isCapital":false,"provinceCode":"064500000","districtCode":false,"regionCode":"060000000","islandGroupCode":"visayas","psgc10DigitCode":"0604510000"},{"code":"064515000","name":"City of Kabankalan","oldName":"","isCapital":false,"provinceCode":"064500000","districtCode":false,"regionCode":"060000000","islandGroupCode":"visayas","psgc10DigitCode":"0604515000"},{"code":"064516000","name":"City of La Carlota","oldName":"","isCapital":false,"provinceCode":"064500000","districtCode":false,"regionCode":"060000000","islandGroupCode":"visayas","psgc10DigitCode":"0604516000"},{"code":"064523000","name":"City of Sagay","oldName":"","isCapital":false,"provinceCode":"064500000","districtCode":false,"regionCode":"060000000","islandGroupCode":"visayas","psgc10DigitCode":"0604523000"},{"code":"064524000","name":"City of San Carlos","oldName":"","isCapital":false,"provinceCode":"064500000","districtCode":false,"regionCode":"060000000","islandGroupCode":"visayas","psgc10DigitCode":"0604524000"},{"code":"064526000","name":"City of Silay","oldName":"","isCapital":false,"provinceCode":"064500000","districtCode":false,"regionCode":"060000000","islandGroupCode":"visayas","psgc10DigitCode":"0604526000"},{"code":"064527000","name":"City of Sipalay","oldName":"","isCapital":false,"provinceCode":"064500000","districtCode":false,"regionCode":"060000000","islandGroupCode":"visayas","psgc10DigitCode":"0604527000"},{"code":"064528000","name":"City of Talisay","oldName":"","isCapital":false,"provinceCode":"064500000","districtCode":false,"regionCode":"060000000","islandGroupCode":"visayas","psgc10DigitCode":"0604528000"},{"code":"064531000","name":"City of Victorias","oldName":"","isCapital":false,"provinceCode":"064500000","districtCode":false,"regionCode":"060000000","islandGroupCode":"visayas","psgc10DigitCode":"0604531000"},{"code":"071242000","name":"City of Tagbilaran","oldName":"","isCapital":true,"provinceCode":"071200000","districtCode":false,"regionCode":"070000000","islandGroupCode":"visayas","psgc10DigitCode":"0701242000"},{"code":"072211000","name":"City of Bogo","oldName":"","isCapital":false,"provinceCode":"072200000","districtCode":false,"regionCode":"070000000","islandGroupCode":"visayas","psgc10DigitCode":"0702211000"},{"code":"072214000","name":"City of Carcar","oldName":"","isCapital":false,"provinceCode":"072200000","districtCode":false,"regionCode":"070000000","islandGroupCode":"visayas","psgc10DigitCode":"0702214000"},{"code":"072217000","name":"City of Cebu","oldName":"","isCapital":true,"provinceCode":"072200000","districtCode":false,"regionCode":"070000000","islandGroupCode":"visayas","psgc10DigitCode":"0730600000"},{"code":"072223000","name":"Danao City","oldName":"","isCapital":false,"provinceCode":"072200000","districtCode":false,"regionCode":"070000000","islandGroupCode":"visayas","psgc10DigitCode":"0702223000"},{"code":"072226000","name":"City of Lapu-Lapu","oldName":"Opon","isCapital":false,"provinceCode":"072200000","districtCode":false,"regionCode":"070000000","islandGroupCode":"visayas","psgc10DigitCode":"0731100000"},{"code":"072230000","name":"City of Mandaue","oldName":"","isCapital":false,"provinceCode":"072200000","districtCode":false,"regionCode":"070000000","islandGroupCode":"visayas","psgc10DigitCode":"0731300000"},{"code":"072234000","name":"City of Naga","oldName":"","isCapital":false,"provinceCode":"072200000","districtCode":false,"regionCode":"070000000","islandGroupCode":"visayas","psgc10DigitCode":"0702234000"},{"code":"072250000","name":"City of Talisay","oldName":"","isCapital":false,"provinceCode":"072200000","districtCode":false,"regionCode":"070000000","islandGroupCode":"visayas","psgc10DigitCode":"0702250000"},{"code":"072251000","name":"City of Toledo","oldName":"","isCapital":false,"provinceCode":"072200000","districtCode":false,"regionCode":"070000000","islandGroupCode":"visayas","psgc10DigitCode":"0702251000"},{"code":"074604000","name":"City of Bais","oldName":"","isCapital":false,"provinceCode":"074600000","districtCode":false,"regionCode":"070000000","islandGroupCode":"visayas","psgc10DigitCode":"0704604000"},{"code":"074606000","name":"City of Bayawan","oldName":"Tulong","isCapital":false,"provinceCode":"074600000","districtCode":false,"regionCode":"070000000","islandGroupCode":"visayas","psgc10DigitCode":"0704606000"},{"code":"074608000","name":"City of Canlaon","oldName":"","isCapital":false,"provinceCode":"074600000","districtCode":false,"regionCode":"070000000","islandGroupCode":"visayas","psgc10DigitCode":"0704608000"},{"code":"074610000","name":"City of Dumaguete","oldName":"","isCapital":true,"provinceCode":"074600000","districtCode":false,"regionCode":"070000000","islandGroupCode":"visayas","psgc10DigitCode":"0704610000"},{"code":"074611000","name":"City of Guihulngan","oldName":"","isCapital":false,"provinceCode":"074600000","districtCode":false,"regionCode":"070000000","islandGroupCode":"visayas","psgc10DigitCode":"0704611000"},{"code":"074621000","name":"City of Tanjay","oldName":"","isCapital":false,"provinceCode":"074600000","districtCode":false,"regionCode":"070000000","islandGroupCode":"visayas","psgc10DigitCode":"0704621000"},{"code":"082604000","name":"City of Borongan","oldName":"","isCapital":true,"provinceCode":"082600000","districtCode":false,"regionCode":"080000000","islandGroupCode":"visayas","psgc10DigitCode":"0802604000"},{"code":"083708000","name":"City of Baybay","oldName":"","isCapital":false,"provinceCode":"083700000","districtCode":false,"regionCode":"080000000","islandGroupCode":"visayas","psgc10DigitCode":"0803708000"},{"code":"083738000","name":"Ormoc City","oldName":"","isCapital":false,"provinceCode":"083700000","districtCode":false,"regionCode":"080000000","islandGroupCode":"visayas","psgc10DigitCode":"0803738000"},{"code":"083747000","name":"City of Tacloban","oldName":"","isCapital":true,"provinceCode":"083700000","districtCode":false,"regionCode":"080000000","islandGroupCode":"visayas","psgc10DigitCode":"0831600000"},{"code":"086003000","name":"City of Calbayog","oldName":"","isCapital":false,"provinceCode":"086000000","districtCode":false,"regionCode":"080000000","islandGroupCode":"visayas","psgc10DigitCode":"0806003000"},{"code":"086005000","name":"City of Catbalogan","oldName":"","isCapital":true,"provinceCode":"086000000","districtCode":false,"regionCode":"080000000","islandGroupCode":"visayas","psgc10DigitCode":"0806005000"},{"code":"086407000","name":"City of Maasin","oldName":"","isCapital":true,"provinceCode":"086400000","districtCode":false,"regionCode":"080000000","islandGroupCode":"visayas","psgc10DigitCode":"0806407000"},{"code":"097201000","name":"City of Dapitan","oldName":"","isCapital":false,"provinceCode":"097200000","districtCode":false,"regionCode":"090000000","islandGroupCode":"mindanao","psgc10DigitCode":"0907201000"},{"code":"097202000","name":"City of Dipolog","oldName":"","isCapital":true,"provinceCode":"097200000","districtCode":false,"regionCode":"090000000","islandGroupCode":"mindanao","psgc10DigitCode":"0907202000"},{"code":"097322000","name":"City of Pagadian","oldName":"","isCapital":true,"provinceCode":"097300000","districtCode":false,"regionCode":"090000000","islandGroupCode":"mindanao","psgc10DigitCode":"0907322000"},{"code":"097332000","name":"City of Zamboanga","oldName":"","isCapital":false,"provinceCode":"097300000","districtCode":false,"regionCode":"090000000","islandGroupCode":"mindanao","psgc10DigitCode":"0931700000"},{"code":"099701000","name":"City of Isabela","oldName":"","isCapital":false,"provinceCode":false,"districtCode":false,"regionCode":"090000000","islandGroupCode":"mindanao","psgc10DigitCode":"0990101000"},{"code":"101312000","name":"City of Malaybalay","oldName":"","isCapital":true,"provinceCode":"101300000","districtCode":false,"regionCode":"100000000","islandGroupCode":"mindanao","psgc10DigitCode":"1001312000"},{"code":"101321000","name":"City of Valencia","oldName":"","isCapital":false,"provinceCode":"101300000","districtCode":false,"regionCode":"100000000","islandGroupCode":"mindanao","psgc10DigitCode":"1001321000"},{"code":"103504000","name":"City of Iligan","oldName":"","isCapital":false,"provinceCode":"103500000","districtCode":false,"regionCode":"100000000","islandGroupCode":"mindanao","psgc10DigitCode":"1030900000"},{"code":"104209000","name":"City of Oroquieta","oldName":"","isCapital":true,"provinceCode":"104200000","districtCode":false,"regionCode":"100000000","islandGroupCode":"mindanao","psgc10DigitCode":"1004209000"},{"code":"104210000","name":"City of Ozamiz","oldName":"","isCapital":false,"provinceCode":"104200000","districtCode":false,"regionCode":"100000000","islandGroupCode":"mindanao","psgc10DigitCode":"1004210000"},{"code":"104215000","name":"City of Tangub","oldName":"","isCapital":false,"provinceCode":"104200000","districtCode":false,"regionCode":"100000000","islandGroupCode":"mindanao","psgc10DigitCode":"1004215000"},{"code":"104305000","name":"City of Cagayan De Oro","oldName":"","isCapital":true,"provinceCode":"104300000","districtCode":false,"regionCode":"100000000","islandGroupCode":"mindanao","psgc10DigitCode":"1030500000"},{"code":"104307000","name":"City of El Salvador","oldName":"","isCapital":false,"provinceCode":"104300000","districtCode":false,"regionCode":"100000000","islandGroupCode":"mindanao","psgc10DigitCode":"1004307000"},{"code":"104308000","name":"City of Gingoog","oldName":"","isCapital":false,"provinceCode":"104300000","districtCode":false,"regionCode":"100000000","islandGroupCode":"mindanao","psgc10DigitCode":"1004308000"},{"code":"112315000","name":"City of Panabo","oldName":"","isCapital":false,"provinceCode":"112300000","districtCode":false,"regionCode":"110000000","islandGroupCode":"mindanao","psgc10DigitCode":"1102315000"},{"code":"112317000","name":"Island Garden City of Samal","oldName":"","isCapital":false,"provinceCode":"112300000","districtCode":false,"regionCode":"110000000","islandGroupCode":"mindanao","psgc10DigitCode":"1102317000"},{"code":"112319000","name":"City of Tagum","oldName":"","isCapital":true,"provinceCode":"112300000","districtCode":false,"regionCode":"110000000","islandGroupCode":"mindanao","psgc10DigitCode":"1102319000"},{"code":"112402000","name":"City of Davao","oldName":"","isCapital":false,"provinceCode":"112400000","districtCode":false,"regionCode":"110000000","islandGroupCode":"mindanao","psgc10DigitCode":"1130700000"},{"code":"112403000","name":"City of Digos","oldName":"","isCapital":true,"provinceCode":"112400000","districtCode":false,"regionCode":"110000000","islandGroupCode":"mindanao","psgc10DigitCode":"1102403000"},{"code":"112509000","name":"City of Mati","oldName":"","isCapital":true,"provinceCode":"112500000","districtCode":false,"regionCode":"110000000","islandGroupCode":"mindanao","psgc10DigitCode":"1102509000"},{"code":"124704000","name":"City of Kidapawan","oldName":"","isCapital":true,"provinceCode":"124700000","districtCode":false,"regionCode":"120000000","islandGroupCode":"mindanao","psgc10DigitCode":"1204704000"},{"code":"126303000","name":"City of General Santos","oldName":"Dadiangas","isCapital":false,"provinceCode":"126300000","districtCode":false,"regionCode":"120000000","islandGroupCode":"mindanao","psgc10DigitCode":"1230800000"},{"code":"126306000","name":"City of Koronadal","oldName":"","isCapital":true,"provinceCode":"126300000","districtCode":false,"regionCode":"120000000","islandGroupCode":"mindanao","psgc10DigitCode":"1206306000"},{"code":"126511000","name":"City of Tacurong","oldName":"","isCapital":false,"provinceCode":"126500000","districtCode":false,"regionCode":"120000000","islandGroupCode":"mindanao","psgc10DigitCode":"1206511000"},{"code":"133900000","name":"City of Manila","oldName":"","isCapital":false,"provinceCode":false,"districtCode":"133900000","regionCode":"130000000","islandGroupCode":"luzon","psgc10DigitCode":"1380600000"},{"code":"137401000","name":"City of Mandaluyong","oldName":"","isCapital":false,"provinceCode":false,"districtCode":"137400000","regionCode":"130000000","islandGroupCode":"luzon","psgc10DigitCode":"1380500000"},{"code":"137402000","name":"City of Marikina","oldName":"","isCapital":false,"provinceCode":false,"districtCode":"137400000","regionCode":"130000000","islandGroupCode":"luzon","psgc10DigitCode":"1380700000"},{"code":"137403000","name":"City of Pasig","oldName":"","isCapital":false,"provinceCode":false,"districtCode":"137400000","regionCode":"130000000","islandGroupCode":"luzon","psgc10DigitCode":"1381200000"},{"code":"137404000","name":"Quezon City","oldName":"","isCapital":false,"provinceCode":false,"districtCode":"137400000","regionCode":"130000000","islandGroupCode":"luzon","psgc10DigitCode":"1381300000"},{"code":"137405000","name":"City of San Juan","oldName":"","isCapital":false,"provinceCode":false,"districtCode":"137400000","regionCode":"130000000","islandGroupCode":"luzon","psgc10DigitCode":"1381400000"},{"code":"137501000","name":"City of Caloocan","oldName":"","isCapital":false,"provinceCode":false,"districtCode":"137500000","regionCode":"130000000","islandGroupCode":"luzon","psgc10DigitCode":"1380100000"},{"code":"137502000","name":"City of Malabon","oldName":"","isCapital":false,"provinceCode":false,"districtCode":"137500000","regionCode":"130000000","islandGroupCode":"luzon","psgc10DigitCode":"1380400000"},{"code":"137503000","name":"City of Navotas","oldName":"","isCapital":false,"provinceCode":false,"districtCode":"137500000","regionCode":"130000000","islandGroupCode":"luzon","psgc10DigitCode":"1380900000"},{"code":"137504000","name":"City of Valenzuela","oldName":"","isCapital":false,"provinceCode":false,"districtCode":"137500000","regionCode":"130000000","islandGroupCode":"luzon","psgc10DigitCode":"1381600000"},{"code":"137601000","name":"City of Las Piñas","oldName":"","isCapital":false,"provinceCode":false,"districtCode":"137600000","regionCode":"130000000","islandGroupCode":"luzon","psgc10DigitCode":"1380200000"},{"code":"137602000","name":"City of Makati","oldName":"","isCapital":false,"provinceCode":false,"districtCode":"137600000","regionCode":"130000000","islandGroupCode":"luzon","psgc10DigitCode":"1380300000"},{"code":"137603000","name":"City of Muntinlupa","oldName":"","isCapital":false,"provinceCode":false,"districtCode":"137600000","regionCode":"130000000","islandGroupCode":"luzon","psgc10DigitCode":"1380800000"},{"code":"137604000","name":"City of Parañaque","oldName":"","isCapital":false,"provinceCode":false,"districtCode":"137600000","regionCode":"130000000","islandGroupCode":"luzon","psgc10DigitCode":"1381000000"},{"code":"137605000","name":"Pasay City","oldName":"","isCapital":false,"provinceCode":false,"districtCode":"137600000","regionCode":"130000000","islandGroupCode":"luzon","psgc10DigitCode":"1381100000"},{"code":"137607000","name":"City of Taguig","oldName":"","isCapital":false,"provinceCode":false,"districtCode":"137600000","regionCode":"130000000","islandGroupCode":"luzon","psgc10DigitCode":"1381500000"},{"code":"141102000","name":"City of Baguio","oldName":"","isCapital":false,"provinceCode":"141100000","districtCode":false,"regionCode":"140000000","islandGroupCode":"luzon","psgc10DigitCode":"1430300000"},{"code":"143213000","name":"City of Tabuk","oldName":"","isCapital":true,"provinceCode":"143200000","districtCode":false,"regionCode":"140000000","islandGroupCode":"luzon","psgc10DigitCode":"1403213000"},{"code":"160202000","name":"City of Butuan","oldName":"","isCapital":true,"provinceCode":"160200000","districtCode":false,"regionCode":"160000000","islandGroupCode":"mindanao","psgc10DigitCode":"1630400000"},{"code":"160203000","name":"City of Cabadbaran","oldName":"","isCapital":false,"provinceCode":"160200000","districtCode":false,"regionCode":"160000000","islandGroupCode":"mindanao","psgc10DigitCode":"1600203000"},{"code":"160301000","name":"City of Bayugan","oldName":"","isCapital":false,"provinceCode":"160300000","districtCode":false,"regionCode":"160000000","islandGroupCode":"mindanao","psgc10DigitCode":"1600301000"},{"code":"166724000","name":"City of Surigao","oldName":"","isCapital":true,"provinceCode":"166700000","districtCode":false,"regionCode":"160000000","islandGroupCode":"mindanao","psgc10DigitCode":"1606724000"},{"code":"166803000","name":"City of Bislig","oldName":"","isCapital":false,"provinceCode":"166800000","districtCode":false,"regionCode":"160000000","islandGroupCode":"mindanao","psgc10DigitCode":"1606803000"},{"code":"166819000","name":"City of Tandag","oldName":"","isCapital":true,"provinceCode":"166800000","districtCode":false,"regionCode":"160000000","islandGroupCode":"mindanao","psgc10DigitCode":"1606819000"},{"code":"150702000","name":"City of Lamitan","oldName":"","isCapital":true,"provinceCode":"150700000","districtCode":false,"regionCode":"150000000","islandGroupCode":"mindanao","psgc10DigitCode":"1900702000"},{"code":"153617000","name":"City of Marawi","oldName":"","isCapital":true,"provinceCode":"153600000","districtCode":false,"regionCode":"150000000","islandGroupCode":"mindanao","psgc10DigitCode":"1903617000"},{"code":"129804000","name":"City of Cotabato","oldName":"","isCapital":false,"provinceCode":false,"districtCode":false,"regionCode":"120000000","islandGroupCode":"mindanao","psgc10DigitCode":"1903804000"}]